fixture_id,window_5min,mean_pressure,max_pressure,high_intensity_count
11867556,-30,0.0,0.0,0
11867556,-25,0.0,0.0,0
11867556,-20,0.0,0.0,0
11867556,-15,0.0,0.0,0
11867556,-10,0.0,0.0,0
11867556,-5,0.0,0.0,0
11867556,0,0.0,0.0,0
11867556,5,0.0,0.0,0
11867556,10,0.0,0.0,0
11867556,15,0.0,0.0,0
11867556,20,0.0,0.0,0
11867556,25,0.0,0.0,0
11867556,30,2.0,1.0,0
11867556,35,0.0,0.0,0
11867556,40,0.0,0.0,0
11867556,45,0.6,0.3,0
11867556,50,0.0,0.0,0
11867556,55,0.0,0.0,0
11867556,60,0.3,0.3,0
11867556,65,0.3,0.3,0
11867556,70,0.0,0.0,0
11867556,75,0.3,0.3,0
11867556,80,0.0,0.0,0
11867556,85,2.0,1.0,0
11867556,90,0.3,0.3,0
11867556,95,1.0,1.0,0
11867556,100,0.0,0.0,0
11867556,105,0.0,0.0,0
11867556,110,0.0,0.0,0
11867556,115,0.0,0.0,0
11867556,120,0.0,0.0,0
11867558,-30,0.0,0.0,0
11867558,-25,0.0,0.0,0
11867558,-20,0.0,0.0,0
11867558,-15,0.0,0.0,0
11867558,-10,0.0,0.0,0
11867558,-5,0.0,0.0,0
11867558,0,0.0,0.0,0
11867558,5,0.0,0.0,0
11867558,10,0.0,0.0,0
11867558,15,0.0,0.0,0
11867558,20,0.0,0.0,0
11867558,25,2.5,2.5,1
11867558,30,0.0,0.0,0
11867558,35,0.0,0.0,0
11867558,40,1.0,1.0,0
11867558,45,1.0,1.0,0
11867558,50,4.0,3.0,1
11867558,55,3.9,3.0,1
11867558,60,0.0,0.0,0
11867558,65,0.6,0.3,0
11867558,70,0.3,0.3,0
11867558,75,0.6,0.3,0
11867558,80,1.3,1.0,0
11867558,85,1.0,1.0,0
11867558,90,0.0,0.0,0
11867558,95,0.0,0.0,0
11867558,100,0.0,0.0,0
11867558,105,0.0,0.0,0
11867558,110,0.0,0.0,0
11867558,115,0.0,0.0,0
11867558,120,0.0,0.0,0
11867561,-30,0.0,0.0,0
11867561,-25,0.0,0.0,0
11867561,-20,0.0,0.0,0
11867561,-15,0.0,0.0,0
11867561,-10,0.0,0.0,0
11867561,-5,0.0,0.0,0
11867561,0,0.0,0.0,0
11867561,5,0.0,0.0,0
11867561,10,1.0,1.0,0
11867561,15,0.0,0.0,0
11867561,20,0.0,0.0,0
11867561,25,2.0,2.0,1
11867561,30,4.0,3.0,1
11867561,35,0.0,0.0,0
11867561,40,3.3,3.0,1
11867561,45,2.3,1.0,0
11867561,50,0.0,0.0,0
11867561,55,0.0,0.0,0
11867561,60,1.0,1.0,0
11867561,65,0.6,0.3,0
11867561,70,0.6,0.3,0
11867561,75,0.0,0.0,0
11867561,80,0.0,0.0,0
11867561,85,0.3,0.3,0
11867561,90,1.0,1.0,0
11867561,95,0.0,0.0,0
11867561,100,0.0,0.0,0
11867561,105,0.0,0.0,0
11867561,110,0.0,0.0,0
11867561,115,0.0,0.0,0
11867561,120,0.0,0.0,0
11867566,-30,0.0,0.0,0
11867566,-25,0.0,0.0,0
11867566,-20,0.0,0.0,0
11867566,-15,0.0,0.0,0
11867566,-10,0.0,0.0,0
11867566,-5,0.0,0.0,0
11867566,0,0.0,0.0,0
11867566,5,0.0,0.0,0
11867566,10,0.0,0.0,0
11867566,15,0.3,0.3,0
11867566,20,3.0,3.0,1
11867566,25,0.0,0.0,0
11867566,30,1.0,1.0,0
11867566,35,0.0,0.0,0
11867566,40,0.3,0.3,0
11867566,45,0.8999999999999999,0.3,0
11867566,50,0.0,0.0,0
11867566,55,0.0,0.0,0
11867566,60,1.0,1.0,0
11867566,65,8.0,3.0,3
11867566,70,0.3,0.3,0
11867566,75,0.0,0.0,0
11867566,80,3.3,3.0,1
11867566,85,4.0,3.0,1
11867566,90,0.3,0.3,0
11867566,95,0.0,0.0,0
11867566,100,0.0,0.0,0
11867566,105,0.0,0.0,0
11867566,110,0.0,0.0,0
11867566,115,0.0,0.0,0
11867566,120,0.0,0.0,0
11867567,-30,0.0,0.0,0
11867567,-25,0.0,0.0,0
11867567,-20,0.0,0.0,0
11867567,-15,0.0,0.0,0
11867567,-10,0.0,0.0,0
11867567,-5,0.0,0.0,0
11867567,0,0.0,0.0,0
11867567,5,0.0,0.0,0
11867567,10,0.0,0.0,0
11867567,15,0.0,0.0,0
11867567,20,0.0,0.0,0
11867567,25,3.0,1.0,0
11867567,30,0.0,0.0,0
11867567,35,0.3,0.3,0
11867567,40,0.0,0.0,0
11867567,45,3.3,3.0,1
11867567,50,1.0,1.0,0
11867567,55,3.0,3.0,1
11867567,60,0.0,0.0,0
11867567,65,1.6,1.0,0
11867567,70,0.0,0.0,0
11867567,75,0.3,0.3,0
11867567,80,0.6,0.3,0
11867567,85,0.3,0.3,0
11867567,90,1.0,1.0,0
11867567,95,2.5,2.5,1
11867567,100,0.0,0.0,0
11867567,105,0.0,0.0,0
11867567,110,0.0,0.0,0
11867567,115,0.0,0.0,0
11867567,120,0.0,0.0,0
11867568,-30,0.0,0.0,0
11867568,-25,0.0,0.0,0
11867568,-20,0.0,0.0,0
11867568,-15,0.0,0.0,0
11867568,-10,0.0,0.0,0
11867568,-5,0.0,0.0,0
11867568,0,0.0,0.0,0
11867568,5,0.0,0.0,0
11867568,10,0.0,0.0,0
11867568,15,0.0,0.0,0
11867568,20,3.0,3.0,1
11867568,25,0.0,0.0,0
11867568,30,0.0,0.0,0
11867568,35,0.0,0.0,0
11867568,40,3.0,3.0,1
11867568,45,0.0,0.0,0
11867568,50,3.0,3.0,1
11867568,55,3.9,3.0,1
11867568,60,0.8999999999999999,0.3,0
11867568,65,0.0,0.0,0
11867568,70,0.8999999999999999,0.3,0
11867568,75,0.3,0.3,0
11867568,80,4.0,3.0,1
11867568,85,0.0,0.0,0
11867568,90,0.0,0.0,0
11867568,95,0.0,0.0,0
11867568,100,0.0,0.0,0
11867568,105,0.0,0.0,0
11867568,110,0.0,0.0,0
11867568,115,0.0,0.0,0
11867568,120,0.0,0.0,0
11867569,-30,0.0,0.0,0
11867569,-25,0.0,0.0,0
11867569,-20,0.0,0.0,0
11867569,-15,0.0,0.0,0
11867569,-10,0.0,0.0,0
11867569,-5,0.0,0.0,0
11867569,0,0.0,0.0,0
11867569,5,0.0,0.0,0
11867569,10,0.0,0.0,0
11867569,15,0.0,0.0,0
11867569,20,0.0,0.0,0
11867569,25,0.0,0.0,0
11867569,30,3.0,3.0,1
11867569,35,0.0,0.0,0
11867569,40,0.0,0.0,0
11867569,45,0.0,0.0,0
11867569,50,0.0,0.0,0
11867569,55,0.0,0.0,0
11867569,60,0.0,0.0,0
11867569,65,4.2,3.0,1
11867569,70,0.0,0.0,0
11867569,75,0.0,0.0,0
11867569,80,1.3,1.0,0
11867569,85,2.0,1.0,0
11867569,90,0.0,0.0,0
11867569,95,0.0,0.0,0
11867569,100,0.0,0.0,0
11867569,105,0.0,0.0,0
11867569,110,0.0,0.0,0
11867569,115,0.0,0.0,0
11867569,120,0.0,0.0,0
11867570,-30,0.0,0.0,0
11867570,-25,0.0,0.0,0
11867570,-20,0.0,0.0,0
11867570,-15,0.0,0.0,0
11867570,-10,0.0,0.0,0
11867570,-5,0.0,0.0,0
11867570,0,0.0,0.0,0
11867570,5,0.0,0.0,0
11867570,10,3.0,3.0,1
11867570,15,0.0,0.0,0
11867570,20,6.0,3.0,2
11867570,25,0.0,0.0,0
11867570,30,0.0,0.0,0
11867570,35,0.0,0.0,0
11867570,40,1.0,1.0,0
11867570,45,0.0,0.0,0
11867570,50,1.0,1.0,0
11867570,55,1.0,1.0,0
11867570,60,0.6,0.3,0
11867570,65,0.3,0.3,0
11867570,70,0.0,0.0,0
11867570,75,0.3,0.3,0
11867570,80,0.6,0.3,0
11867570,85,1.3,1.0,0
11867570,90,0.0,0.0,0
11867570,95,3.0,3.0,1
11867570,100,0.0,0.0,0
11867570,105,0.0,0.0,0
11867570,110,0.0,0.0,0
11867570,115,0.0,0.0,0
11867570,120,0.0,0.0,0
11867571,-30,0.0,0.0,0
11867571,-25,0.0,0.0,0
11867571,-20,0.0,0.0,0
11867571,-15,0.0,0.0,0
11867571,-10,0.0,0.0,0
11867571,-5,0.0,0.0,0
11867571,0,0.0,0.0,0
11867571,5,0.0,0.0,0
11867571,10,3.0,3.0,1
11867571,15,0.0,0.0,0
11867571,20,0.0,0.0,0
11867571,25,0.0,0.0,0
11867571,30,1.0,1.0,0
11867571,35,0.0,0.0,0
11867571,40,0.0,0.0,0
11867571,45,3.0,3.0,1
11867571,50,3.0,3.0,1
11867571,55,0.0,0.0,0
11867571,60,0.0,0.0,0
11867571,65,0.6,0.3,0
11867571,70,3.6,3.0,1
11867571,75,0.8999999999999999,0.3,0
11867571,80,0.6,0.3,0
11867571,85,0.3,0.3,0
11867571,90,0.0,0.0,0
11867571,95,0.0,0.0,0
11867571,100,0.0,0.0,0
11867571,105,0.0,0.0,0
11867571,110,0.0,0.0,0
11867571,115,0.0,0.0,0
11867571,120,0.0,0.0,0
11867572,-30,0.0,0.0,0
11867572,-25,0.0,0.0,0
11867572,-20,0.0,0.0,0
11867572,-15,0.0,0.0,0
11867572,-10,0.0,0.0,0
11867572,-5,0.0,0.0,0
11867572,0,1.0,1.0,0
11867572,5,0.0,0.0,0
11867572,10,0.0,0.0,0
11867572,15,3.0,3.0,1
11867572,20,0.0,0.0,0
11867572,25,0.0,0.0,0
11867572,30,3.0,3.0,1
11867572,35,0.0,0.0,0
11867572,40,0.0,0.0,0
11867572,45,0.6,0.3,0
11867572,50,0.0,0.0,0
11867572,55,0.0,0.0,0
11867572,60,0.6,0.3,0
11867572,65,0.6,0.3,0
11867572,70,0.0,0.0,0
11867572,75,3.5999999999999996,3.0,1
11867572,80,0.0,0.0,0
11867572,85,0.0,0.0,0
11867572,90,0.0,0.0,0
11867572,95,0.0,0.0,0
11867572,100,0.0,0.0,0
11867572,105,0.0,0.0,0
11867572,110,0.0,0.0,0
11867572,115,0.0,0.0,0
11867572,120,0.0,0.0,0
11867573,-30,0.0,0.0,0
11867573,-25,0.0,0.0,0
11867573,-20,0.0,0.0,0
11867573,-15,0.0,0.0,0
11867573,-10,0.0,0.0,0
11867573,-5,0.0,0.0,0
11867573,0,0.0,0.0,0
11867573,5,0.0,0.0,0
11867573,10,0.0,0.0,0
11867573,15,7.0,3.0,2
11867573,20,0.0,0.0,0
11867573,25,0.0,0.0,0
11867573,30,1.0,1.0,0
11867573,35,0.0,0.0,0
11867573,40,0.0,0.0,0
11867573,45,2.0,1.0,0
11867573,50,0.0,0.0,0
11867573,55,0.0,0.0,0
11867573,60,1.0,1.0,0
11867573,65,0.0,0.0,0
11867573,70,0.3,0.3,0
11867573,75,1.0,1.0,0
11867573,80,4.5,3.0,1
11867573,85,1.0,1.0,0
11867573,90,1.3,1.0,0
11867573,95,0.0,0.0,0
11867573,100,0.0,0.0,0
11867573,105,0.0,0.0,0
11867573,110,0.0,0.0,0
11867573,115,0.0,0.0,0
11867573,120,0.0,0.0,0
11867574,-30,0.0,0.0,0
11867574,-25,0.0,0.0,0
11867574,-20,0.0,0.0,0
11867574,-15,0.0,0.0,0
11867574,-10,0.0,0.0,0
11867574,-5,0.0,0.0,0
11867574,0,0.0,0.0,0
11867574,5,0.0,0.0,0
11867574,10,0.0,0.0,0
11867574,15,0.0,0.0,0
11867574,20,3.0,3.0,1
11867574,25,0.0,0.0,0
11867574,30,0.0,0.0,0
11867574,35,0.0,0.0,0
11867574,40,0.0,0.0,0
11867574,45,1.0,1.0,0
11867574,50,2.5,2.5,1
11867574,55,0.0,0.0,0
11867574,60,1.0,1.0,0
11867574,65,0.0,0.0,0
11867574,70,0.3,0.3,0
11867574,75,1.6,1.0,0
11867574,80,3.5,2.5,1
11867574,85,0.6,0.3,0
11867574,90,1.3,1.0,0
11867574,95,0.0,0.0,0
11867574,100,0.0,0.0,0
11867574,105,0.0,0.0,0
11867574,110,0.0,0.0,0
11867574,115,0.0,0.0,0
11867574,120,0.0,0.0,0
11867575,-30,0.0,0.0,0
11867575,-25,0.0,0.0,0
11867575,-20,0.0,0.0,0
11867575,-15,0.0,0.0,0
11867575,-10,0.0,0.0,0
11867575,-5,0.0,0.0,0
11867575,0,0.0,0.0,0
11867575,5,0.0,0.0,0
11867575,10,0.0,0.0,0
11867575,15,1.0,1.0,0
11867575,20,0.0,0.0,0
11867575,25,0.0,0.0,0
11867575,30,0.3,0.3,0
11867575,35,0.0,0.0,0
11867575,40,0.0,0.0,0
11867575,45,5.8,3.0,2
11867575,50,0.0,0.0,0
11867575,55,1.9,1.0,0
11867575,60,0.3,0.3,0
11867575,65,0.0,0.0,0
11867575,70,3.3,3.0,1
11867575,75,0.3,0.3,0
11867575,80,0.0,0.0,0
11867575,85,0.0,0.0,0
11867575,90,0.0,0.0,0
11867575,95,0.0,0.0,0
11867575,100,0.0,0.0,0
11867575,105,0.0,0.0,0
11867575,110,0.0,0.0,0
11867575,115,0.0,0.0,0
11867575,120,0.0,0.0,0
11867576,-30,0.0,0.0,0
11867576,-25,0.0,0.0,0
11867576,-20,0.0,0.0,0
11867576,-15,0.0,0.0,0
11867576,-10,0.0,0.0,0
11867576,-5,0.0,0.0,0
11867576,0,0.0,0.0,0
11867576,5,0.0,0.0,0
11867576,10,0.0,0.0,0
11867576,15,0.0,0.0,0
11867576,20,3.0,3.0,1
11867576,25,0.0,0.0,0
11867576,30,3.0,3.0,1
11867576,35,0.0,0.0,0
11867576,40,3.0,3.0,1
11867576,45,2.0,1.0,0
11867576,50,0.0,0.0,0
11867576,55,0.8999999999999999,0.3,0
11867576,60,0.6,0.3,0
11867576,65,0.0,0.0,0
11867576,70,0.0,0.0,0
11867576,75,0.3,0.3,0
11867576,80,1.6,1.0,0
11867576,85,0.3,0.3,0
11867576,90,1.0,1.0,0
11867576,95,0.0,0.0,0
11867576,100,0.0,0.0,0
11867576,105,0.0,0.0,0
11867576,110,0.0,0.0,0
11867576,115,0.0,0.0,0
11867576,120,0.0,0.0,0
11867577,-30,0.0,0.0,0
11867577,-25,0.0,0.0,0
11867577,-20,0.0,0.0,0
11867577,-15,0.0,0.0,0
11867577,-10,0.0,0.0,0
11867577,-5,0.0,0.0,0
11867577,0,0.0,0.0,0
11867577,5,0.0,0.0,0
11867577,10,0.0,0.0,0
11867577,15,0.0,0.0,0
11867577,20,0.0,0.0,0
11867577,25,0.0,0.0,0
11867577,30,0.3,0.3,0
11867577,35,0.0,0.0,0
11867577,40,0.0,0.0,0
11867577,45,0.0,0.0,0
11867577,50,0.3,0.3,0
11867577,55,0.0,0.0,0
11867577,60,0.0,0.0,0
11867577,65,0.0,0.0,0
11867577,70,0.3,0.3,0
11867577,75,3.3,3.0,1
11867577,80,0.6,0.3,0
11867577,85,0.3,0.3,0
11867577,90,0.0,0.0,0
11867577,95,2.5,2.5,1
11867577,100,0.0,0.0,0
11867577,105,0.0,0.0,0
11867577,110,0.0,0.0,0
11867577,115,0.0,0.0,0
11867577,120,0.0,0.0,0
11867578,-30,0.0,0.0,0
11867578,-25,0.0,0.0,0
11867578,-20,0.0,0.0,0
11867578,-15,0.0,0.0,0
11867578,-10,0.0,0.0,0
11867578,-5,0.0,0.0,0
11867578,0,0.0,0.0,0
11867578,5,0.0,0.0,0
11867578,10,0.0,0.0,0
11867578,15,0.0,0.0,0
11867578,20,0.0,0.0,0
11867578,25,0.0,0.0,0
11867578,30,0.0,0.0,0
11867578,35,0.0,0.0,0
11867578,40,0.0,0.0,0
11867578,45,3.0,3.0,1
11867578,50,0.0,0.0,0
11867578,55,1.0,1.0,0
11867578,60,2.0,1.0,0
11867578,65,0.3,0.3,0
11867578,70,0.3,0.3,0
11867578,75,0.8999999999999999,0.3,0
11867578,80,0.6,0.3,0
11867578,85,1.6,1.0,0
11867578,90,0.0,0.0,0
11867578,95,0.0,0.0,0
11867578,100,0.0,0.0,0
11867578,105,0.0,0.0,0
11867578,110,0.0,0.0,0
11867578,115,0.0,0.0,0
11867578,120,0.0,0.0,0
11867579,-30,0.0,0.0,0
11867579,-25,0.0,0.0,0
11867579,-20,0.0,0.0,0
11867579,-15,0.0,0.0,0
11867579,-10,0.0,0.0,0
11867579,-5,0.0,0.0,0
11867579,0,0.0,0.0,0
11867579,5,0.0,0.0,0
11867579,10,0.0,0.0,0
11867579,15,0.0,0.0,0
11867579,20,0.0,0.0,0
11867579,25,0.0,0.0,0
11867579,30,0.0,0.0,0
11867579,35,1.0,1.0,0
11867579,40,0.0,0.0,0
11867579,45,3.0,3.0,1
11867579,50,0.0,0.0,0
11867579,55,0.0,0.0,0
11867579,60,0.6,0.3,0
11867579,65,1.0,1.0,0
11867579,70,0.3,0.3,0
11867579,75,3.0,3.0,1
11867579,80,0.6,0.3,0
11867579,85,0.0,0.0,0
11867579,90,1.0,1.0,0
11867579,95,0.0,0.0,0
11867579,100,0.0,0.0,0
11867579,105,0.0,0.0,0
11867579,110,0.0,0.0,0
11867579,115,0.0,0.0,0
11867579,120,0.0,0.0,0
11867580,-30,0.0,0.0,0
11867580,-25,0.0,0.0,0
11867580,-20,0.0,0.0,0
11867580,-15,0.0,0.0,0
11867580,-10,0.0,0.0,0
11867580,-5,0.0,0.0,0
11867580,0,0.0,0.0,0
11867580,5,0.0,0.0,0
11867580,10,0.0,0.0,0
11867580,15,0.3,0.3,0
11867580,20,0.0,0.0,0
11867580,25,0.0,0.0,0
11867580,30,0.0,0.0,0
11867580,35,0.0,0.0,0
11867580,40,0.0,0.0,0
11867580,45,0.0,0.0,0
11867580,50,0.0,0.0,0
11867580,55,1.0,1.0,0
11867580,60,2.2,1.0,0
11867580,65,0.0,0.0,0
11867580,70,4.6,3.0,1
11867580,75,0.0,0.0,0
11867580,80,0.0,0.0,0
11867580,85,3.0,3.0,1
11867580,90,0.0,0.0,0
11867580,95,0.0,0.0,0
11867580,100,0.0,0.0,0
11867580,105,0.0,0.0,0
11867580,110,0.0,0.0,0
11867580,115,0.0,0.0,0
11867580,120,0.0,0.0,0
11867581,-30,0.0,0.0,0
11867581,-25,0.0,0.0,0
11867581,-20,0.0,0.0,0
11867581,-15,0.0,0.0,0
11867581,-10,0.0,0.0,0
11867581,-5,0.0,0.0,0
11867581,0,0.0,0.0,0
11867581,5,0.0,0.0,0
11867581,10,0.0,0.0,0
11867581,15,0.0,0.0,0
11867581,20,0.0,0.0,0
11867581,25,3.0,3.0,1
11867581,30,0.0,0.0,0
11867581,35,0.0,0.0,0
11867581,40,0.0,0.0,0
11867581,45,0.8999999999999999,0.3,0
11867581,50,0.0,0.0,0
11867581,55,0.3,0.3,0
11867581,60,0.0,0.0,0
11867581,65,0.0,0.0,0
11867581,70,0.3,0.3,0
11867581,75,4.3,3.0,1
11867581,80,1.0,1.0,0
11867581,85,0.0,0.0,0
11867581,90,1.0,1.0,0
11867581,95,0.0,0.0,0
11867581,100,0.0,0.0,0
11867581,105,0.0,0.0,0
11867581,110,0.0,0.0,0
11867581,115,0.0,0.0,0
11867581,120,0.0,0.0,0
11867582,-30,0.0,0.0,0
11867582,-25,0.0,0.0,0
11867582,-20,0.0,0.0,0
11867582,-15,0.0,0.0,0
11867582,-10,0.0,0.0,0
11867582,-5,0.0,0.0,0
11867582,0,0.0,0.0,0
11867582,5,3.0,3.0,1
11867582,10,0.0,0.0,0
11867582,15,1.0,1.0,0
11867582,20,0.0,0.0,0
11867582,25,0.0,0.0,0
11867582,30,0.0,0.0,0
11867582,35,3.0,3.0,1
11867582,40,0.0,0.0,0
11867582,45,0.6,0.3,0
11867582,50,0.0,0.0,0
11867582,55,0.0,0.0,0
11867582,60,0.0,0.0,0
11867582,65,0.8999999999999999,0.3,0
11867582,70,0.3,0.3,0
11867582,75,0.8999999999999999,0.3,0
11867582,80,0.0,0.0,0
11867582,85,3.0,3.0,1
11867582,90,1.3,1.0,0
11867582,95,0.0,0.0,0
11867582,100,0.0,0.0,0
11867582,105,0.0,0.0,0
11867582,110,0.0,0.0,0
11867582,115,0.0,0.0,0
11867582,120,0.0,0.0,0
11867583,-30,0.0,0.0,0
11867583,-25,0.0,0.0,0
11867583,-20,0.0,0.0,0
11867583,-15,0.0,0.0,0
11867583,-10,0.0,0.0,0
11867583,-5,0.0,0.0,0
11867583,0,0.0,0.0,0
11867583,5,0.0,0.0,0
11867583,10,0.0,0.0,0
11867583,15,0.0,0.0,0
11867583,20,0.0,0.0,0
11867583,25,3.0,3.0,1
11867583,30,1.0,1.0,0
11867583,35,1.0,1.0,0
11867583,40,0.0,0.0,0
11867583,45,0.0,0.0,0
11867583,50,0.0,0.0,0
11867583,55,3.5999999999999996,3.0,1
11867583,60,3.3,3.0,1
11867583,65,1.3,1.0,0
11867583,70,1.0,1.0,0
11867583,75,0.0,0.0,0
11867583,80,0.0,0.0,0
11867583,85,1.3,1.0,0
11867583,90,3.3,3.0,1
11867583,95,0.0,0.0,0
11867583,100,0.0,0.0,0
11867583,105,0.0,0.0,0
11867583,110,0.0,0.0,0
11867583,115,0.0,0.0,0
11867583,120,0.0,0.0,0
11867584,-30,0.0,0.0,0
11867584,-25,0.0,0.0,0
11867584,-20,0.0,0.0,0
11867584,-15,0.0,0.0,0
11867584,-10,0.0,0.0,0
11867584,-5,0.0,0.0,0
11867584,0,0.0,0.0,0
11867584,5,1.0,1.0,0
11867584,10,0.0,0.0,0
11867584,15,3.0,3.0,1
11867584,20,0.0,0.0,0
11867584,25,0.0,0.0,0
11867584,30,0.0,0.0,0
11867584,35,0.0,0.0,0
11867584,40,0.0,0.0,0
11867584,45,0.6,0.3,0
11867584,50,0.0,0.0,0
11867584,55,0.3,0.3,0
11867584,60,0.0,0.0,0
11867584,65,3.6,3.0,1
11867584,70,0.0,0.0,0
11867584,75,0.8999999999999999,0.3,0
11867584,80,0.0,0.0,0
11867584,85,0.0,0.0,0
11867584,90,0.0,0.0,0
11867584,95,0.0,0.0,0
11867584,100,0.0,0.0,0
11867584,105,0.0,0.0,0
11867584,110,0.0,0.0,0
11867584,115,0.0,0.0,0
11867584,120,0.0,0.0,0
11867585,-30,0.0,0.0,0
11867585,-25,0.0,0.0,0
11867585,-20,0.0,0.0,0
11867585,-15,0.0,0.0,0
11867585,-10,0.0,0.0,0
11867585,-5,0.0,0.0,0
11867585,0,0.0,0.0,0
11867585,5,4.0,3.0,1
11867585,10,3.0,3.0,1
11867585,15,0.0,0.0,0
11867585,20,0.0,0.0,0
11867585,25,0.0,0.0,0
11867585,30,0.0,0.0,0
11867585,35,4.0,3.0,1
11867585,40,0.0,0.0,0
11867585,45,3.3,3.0,1
11867585,50,0.0,0.0,0
11867585,55,0.0,0.0,0
11867585,60,0.0,0.0,0
11867585,65,0.3,0.3,0
11867585,70,0.6,0.3,0
11867585,75,0.0,0.0,0
11867585,80,0.3,0.3,0
11867585,85,0.3,0.3,0
11867585,90,0.3,0.3,0
11867585,95,0.0,0.0,0
11867585,100,0.0,0.0,0
11867585,105,0.0,0.0,0
11867585,110,0.0,0.0,0
11867585,115,0.0,0.0,0
11867585,120,0.0,0.0,0
11867586,-30,0.0,0.0,0
11867586,-25,0.0,0.0,0
11867586,-20,0.0,0.0,0
11867586,-15,0.0,0.0,0
11867586,-10,0.0,0.0,0
11867586,-5,0.0,0.0,0
11867586,0,0.0,0.0,0
11867586,5,0.0,0.0,0
11867586,10,0.0,0.0,0
11867586,15,0.0,0.0,0
11867586,20,0.0,0.0,0
11867586,25,0.0,0.0,0
11867586,30,1.0,1.0,0
11867586,35,0.0,0.0,0
11867586,40,3.0,3.0,1
11867586,45,1.3,1.0,0
11867586,50,0.0,0.0,0
11867586,55,2.0,2.0,1
11867586,60,0.0,0.0,0
11867586,65,0.6,0.3,0
11867586,70,0.3,0.3,0
11867586,75,1.3,1.0,0
11867586,80,0.3,0.3,0
11867586,85,0.3,0.3,0
11867586,90,1.3,1.0,0
11867586,95,3.0,3.0,1
11867586,100,0.0,0.0,0
11867586,105,0.0,0.0,0
11867586,110,0.0,0.0,0
11867586,115,0.0,0.0,0
11867586,120,0.0,0.0,0
11867587,-30,0.0,0.0,0
11867587,-25,0.0,0.0,0
11867587,-20,0.0,0.0,0
11867587,-15,0.0,0.0,0
11867587,-10,0.0,0.0,0
11867587,-5,0.0,0.0,0
11867587,0,0.0,0.0,0
11867587,5,0.0,0.0,0
11867587,10,0.0,0.0,0
11867587,15,0.0,0.0,0
11867587,20,0.0,0.0,0
11867587,25,3.3,3.0,1
11867587,30,0.0,0.0,0
11867587,35,1.0,1.0,0
11867587,40,0.0,0.0,0
11867587,45,0.3,0.3,0
11867587,50,0.0,0.0,0
11867587,55,0.0,0.0,0
11867587,60,1.6,1.0,0
11867587,65,0.0,0.0,0
11867587,70,1.6,1.0,0
11867587,75,0.3,0.3,0
11867587,80,1.0,1.0,0
11867587,85,1.0,1.0,0
11867587,90,1.3,1.0,0
11867587,95,0.0,0.0,0
11867587,100,0.0,0.0,0
11867587,105,0.0,0.0,0
11867587,110,0.0,0.0,0
11867587,115,0.0,0.0,0
11867587,120,0.0,0.0,0
11867588,-30,0.0,0.0,0
11867588,-25,0.0,0.0,0
11867588,-20,0.0,0.0,0
11867588,-15,0.0,0.0,0
11867588,-10,0.0,0.0,0
11867588,-5,0.0,0.0,0
11867588,0,0.0,0.0,0
11867588,5,0.0,0.0,0
11867588,10,0.0,0.0,0
11867588,15,0.0,0.0,0
11867588,20,1.0,1.0,0
11867588,25,1.0,1.0,0
11867588,30,1.0,1.0,0
11867588,35,0.0,0.0,0
11867588,40,0.0,0.0,0
11867588,45,1.0,1.0,0
11867588,50,0.0,0.0,0
11867588,55,0.6,0.3,0
11867588,60,1.0,1.0,0
11867588,65,0.0,0.0,0
11867588,70,1.2,0.3,0
11867588,75,0.0,0.0,0
11867588,80,0.0,0.0,0
11867588,85,1.6,1.0,0
11867588,90,0.0,0.0,0
11867588,95,0.0,0.0,0
11867588,100,0.0,0.0,0
11867588,105,0.0,0.0,0
11867588,110,0.0,0.0,0
11867588,115,0.0,0.0,0
11867588,120,0.0,0.0,0
11867589,-30,0.0,0.0,0
11867589,-25,0.0,0.0,0
11867589,-20,0.0,0.0,0
11867589,-15,0.0,0.0,0
11867589,-10,0.0,0.0,0
11867589,-5,0.0,0.0,0
11867589,0,0.0,0.0,0
11867589,5,0.0,0.0,0
11867589,10,0.0,0.0,0
11867589,15,0.0,0.0,0
11867589,20,3.0,3.0,1
11867589,25,0.0,0.0,0
11867589,30,0.0,0.0,0
11867589,35,3.0,3.0,1
11867589,40,3.0,3.0,1
11867589,45,3.0,3.0,1
11867589,50,3.0,3.0,1
11867589,55,0.8999999999999999,0.3,0
11867589,60,3.0,3.0,1
11867589,65,0.6,0.3,0
11867589,70,3.0,3.0,1
11867589,75,0.3,0.3,0
11867589,80,4.0,3.0,1
11867589,85,0.8999999999999999,0.3,0
11867589,90,0.0,0.0,0
11867589,95,0.0,0.0,0
11867589,100,0.0,0.0,0
11867589,105,0.0,0.0,0
11867589,110,0.0,0.0,0
11867589,115,0.0,0.0,0
11867589,120,0.0,0.0,0
11867590,-30,0.0,0.0,0
11867590,-25,0.0,0.0,0
11867590,-20,0.0,0.0,0
11867590,-15,0.0,0.0,0
11867590,-10,0.0,0.0,0
11867590,-5,0.0,0.0,0
11867590,0,0.0,0.0,0
11867590,5,0.0,0.0,0
11867590,10,0.0,0.0,0
11867590,15,0.0,0.0,0
11867590,20,0.0,0.0,0
11867590,25,0.0,0.0,0
11867590,30,0.0,0.0,0
11867590,35,0.0,0.0,0
11867590,40,1.0,1.0,0
11867590,45,2.8,2.5,1
11867590,50,3.0,3.0,1
11867590,55,0.0,0.0,0
11867590,60,0.0,0.0,0
11867590,65,0.0,0.0,0
11867590,70,1.0,1.0,0
11867590,75,0.6,0.3,0
11867590,80,2.0,1.0,0
11867590,85,0.3,0.3,0
11867590,90,0.3,0.3,0
11867590,95,0.0,0.0,0
11867590,100,0.0,0.0,0
11867590,105,0.0,0.0,0
11867590,110,0.0,0.0,0
11867590,115,0.0,0.0,0
11867590,120,0.0,0.0,0
11867591,-30,0.0,0.0,0
11867591,-25,0.0,0.0,0
11867591,-20,0.0,0.0,0
11867591,-15,0.0,0.0,0
11867591,-10,0.0,0.0,0
11867591,-5,0.0,0.0,0
11867591,0,0.0,0.0,0
11867591,5,0.0,0.0,0
11867591,10,0.0,0.0,0
11867591,15,0.0,0.0,0
11867591,20,0.0,0.0,0
11867591,25,0.0,0.0,0
11867591,30,0.0,0.0,0
11867591,35,2.5,2.5,1
11867591,40,0.0,0.0,0
11867591,45,2.8,2.5,1
11867591,50,3.0,3.0,1
11867591,55,0.0,0.0,0
11867591,60,0.3,0.3,0
11867591,65,0.0,0.0,0
11867591,70,0.0,0.0,0
11867591,75,0.6,0.3,0
11867591,80,3.0,3.0,1
11867591,85,0.3,0.3,0
11867591,90,0.3,0.3,0
11867591,95,0.0,0.0,0
11867591,100,0.0,0.0,0
11867591,105,0.0,0.0,0
11867591,110,0.0,0.0,0
11867591,115,0.0,0.0,0
11867591,120,0.0,0.0,0
11867592,-30,0.0,0.0,0
11867592,-25,0.0,0.0,0
11867592,-20,0.0,0.0,0
11867592,-15,0.0,0.0,0
11867592,-10,0.0,0.0,0
11867592,-5,0.0,0.0,0
11867592,0,0.0,0.0,0
11867592,5,0.0,0.0,0
11867592,10,0.0,0.0,0
11867592,15,0.0,0.0,0
11867592,20,0.0,0.0,0
11867592,25,0.0,0.0,0
11867592,30,1.0,1.0,0
11867592,35,0.0,0.0,0
11867592,40,0.0,0.0,0
11867592,45,4.0,3.0,1
11867592,50,0.0,0.0,0
11867592,55,0.0,0.0,0
11867592,60,0.6,0.3,0
11867592,65,0.3,0.3,0
11867592,70,0.0,0.0,0
11867592,75,1.0,1.0,0
11867592,80,0.6,0.3,0
11867592,85,1.3,1.0,0
11867592,90,0.0,0.0,0
11867592,95,0.0,0.0,0
11867592,100,0.0,0.0,0
11867592,105,0.0,0.0,0
11867592,110,0.0,0.0,0
11867592,115,0.0,0.0,0
11867592,120,0.0,0.0,0
11867593,-30,0.0,0.0,0
11867593,-25,0.0,0.0,0
11867593,-20,0.0,0.0,0
11867593,-15,0.0,0.0,0
11867593,-10,0.0,0.0,0
11867593,-5,0.0,0.0,0
11867593,0,0.0,0.0,0
11867593,5,3.0,3.0,1
11867593,10,0.0,0.0,0
11867593,15,0.0,0.0,0
11867593,20,0.0,0.0,0
11867593,25,0.0,0.0,0
11867593,30,0.0,0.0,0
11867593,35,3.0,3.0,1
11867593,40,3.0,3.0,1
11867593,45,0.3,0.3,0
11867593,50,0.0,0.0,0
11867593,55,1.3,1.0,0
11867593,60,0.0,0.0,0
11867593,65,0.0,0.0,0
11867593,70,1.6,1.0,0
11867593,75,0.6,0.3,0
11867593,80,0.3,0.3,0
11867593,85,1.3,1.0,0
11867593,90,0.3,0.3,0
11867593,95,0.0,0.0,0
11867593,100,0.0,0.0,0
11867593,105,0.0,0.0,0
11867593,110,0.0,0.0,0
11867593,115,0.0,0.0,0
11867593,120,0.0,0.0,0
11867594,-30,0.0,0.0,0
11867594,-25,0.0,0.0,0
11867594,-20,0.0,0.0,0
11867594,-15,0.0,0.0,0
11867594,-10,0.0,0.0,0
11867594,-5,0.0,0.0,0
11867594,0,0.0,0.0,0
11867594,5,0.0,0.0,0
11867594,10,0.0,0.0,0
11867594,15,0.0,0.0,0
11867594,20,0.0,0.0,0
11867594,25,0.0,0.0,0
11867594,30,3.0,3.0,1
11867594,35,0.0,0.0,0
11867594,40,5.0,3.0,2
11867594,45,0.0,0.0,0
11867594,50,0.0,0.0,0
11867594,55,0.0,0.0,0
11867594,60,3.6,3.0,1
11867594,65,3.3,3.0,1
11867594,70,0.3,0.3,0
11867594,75,0.0,0.0,0
11867594,80,1.3,1.0,0
11867594,85,0.3,0.3,0
11867594,90,1.0,1.0,0
11867594,95,0.0,0.0,0
11867594,100,0.0,0.0,0
11867594,105,0.0,0.0,0
11867594,110,0.0,0.0,0
11867594,115,0.0,0.0,0
11867594,120,0.0,0.0,0
11867595,-30,0.0,0.0,0
11867595,-25,0.0,0.0,0
11867595,-20,0.0,0.0,0
11867595,-15,0.0,0.0,0
11867595,-10,0.0,0.0,0
11867595,-5,0.0,0.0,0
11867595,0,0.0,0.0,0
11867595,5,0.0,0.0,0
11867595,10,0.0,0.0,0
11867595,15,0.0,0.0,0
11867595,20,0.3,0.3,0
11867595,25,0.0,0.0,0
11867595,30,0.0,0.0,0
11867595,35,0.0,0.0,0
11867595,40,3.0,3.0,1
11867595,45,0.0,0.0,0
11867595,50,0.0,0.0,0
11867595,55,0.0,0.0,0
11867595,60,1.0,1.0,0
11867595,65,4.0,3.0,1
11867595,70,0.6,0.3,0
11867595,75,1.0,1.0,0
11867595,80,0.3,0.3,0
11867595,85,0.0,0.0,0
11867595,90,0.0,0.0,0
11867595,95,0.0,0.0,0
11867595,100,0.0,0.0,0
11867595,105,0.0,0.0,0
11867595,110,0.0,0.0,0
11867595,115,0.0,0.0,0
11867595,120,0.0,0.0,0
11867596,-30,0.0,0.0,0
11867596,-25,0.0,0.0,0
11867596,-20,0.0,0.0,0
11867596,-15,0.0,0.0,0
11867596,-10,0.0,0.0,0
11867596,-5,0.0,0.0,0
11867596,0,0.0,0.0,0
11867596,5,2.5,2.5,1
11867596,10,0.0,0.0,0
11867596,15,0.0,0.0,0
11867596,20,3.0,3.0,1
11867596,25,0.0,0.0,0
11867596,30,3.0,3.0,1
11867596,35,1.0,1.0,0
11867596,40,2.5,2.5,1
11867596,45,1.3,1.0,0
11867596,50,2.0,1.0,0
11867596,55,0.6,0.3,0
11867596,60,0.0,0.0,0
11867596,65,3.0,3.0,1
11867596,70,2.6,1.0,0
11867596,75,0.0,0.0,0
11867596,80,0.6,0.3,0
11867596,85,0.3,0.3,0
11867596,90,0.0,0.0,0
11867596,95,0.0,0.0,0
11867596,100,0.0,0.0,0
11867596,105,0.0,0.0,0
11867596,110,0.0,0.0,0
11867596,115,0.0,0.0,0
11867596,120,0.0,0.0,0
11867597,-30,0.0,0.0,0
11867597,-25,0.0,0.0,0
11867597,-20,0.0,0.0,0
11867597,-15,0.0,0.0,0
11867597,-10,0.0,0.0,0
11867597,-5,0.0,0.0,0
11867597,0,0.0,0.0,0
11867597,5,1.0,1.0,0
11867597,10,0.0,0.0,0
11867597,15,0.0,0.0,0
11867597,20,3.0,3.0,1
11867597,25,0.0,0.0,0
11867597,30,0.0,0.0,0
11867597,35,0.0,0.0,0
11867597,40,3.0,3.0,1
11867597,45,0.0,0.0,0
11867597,50,3.0,3.0,1
11867597,55,0.0,0.0,0
11867597,60,0.0,0.0,0
11867597,65,0.0,0.0,0
11867597,70,0.8999999999999999,0.3,0
11867597,75,0.6,0.3,0
11867597,80,0.0,0.0,0
11867597,85,1.0,1.0,0
11867597,90,1.6,1.0,0
11867597,95,0.0,0.0,0
11867597,100,0.0,0.0,0
11867597,105,0.0,0.0,0
11867597,110,0.0,0.0,0
11867597,115,0.0,0.0,0
11867597,120,0.0,0.0,0
11867598,-30,0.0,0.0,0
11867598,-25,0.0,0.0,0
11867598,-20,0.0,0.0,0
11867598,-15,0.0,0.0,0
11867598,-10,0.0,0.0,0
11867598,-5,0.0,0.0,0
11867598,0,0.0,0.0,0
11867598,5,0.0,0.0,0
11867598,10,0.0,0.0,0
11867598,15,0.0,0.0,0
11867598,20,1.0,1.0,0
11867598,25,0.0,0.0,0
11867598,30,0.0,0.0,0
11867598,35,0.0,0.0,0
11867598,40,0.0,0.0,0
11867598,45,8.3,3.0,2
11867598,50,0.0,0.0,0
11867598,55,0.8999999999999999,0.3,0
11867598,60,0.0,0.0,0
11867598,65,0.0,0.0,0
11867598,70,0.0,0.0,0
11867598,75,0.6,0.3,0
11867598,80,1.3,1.0,0
11867598,85,0.8999999999999999,0.3,0
11867598,90,1.0,1.0,0
11867598,95,0.0,0.0,0
11867598,100,0.0,0.0,0
11867598,105,0.0,0.0,0
11867598,110,0.0,0.0,0
11867598,115,0.0,0.0,0
11867598,120,0.0,0.0,0
11867599,-30,0.0,0.0,0
11867599,-25,0.0,0.0,0
11867599,-20,0.0,0.0,0
11867599,-15,0.0,0.0,0
11867599,-10,0.0,0.0,0
11867599,-5,0.0,0.0,0
11867599,0,0.0,0.0,0
11867599,5,0.0,0.0,0
11867599,10,3.0,3.0,1
11867599,15,1.0,1.0,0
11867599,20,0.0,0.0,0
11867599,25,0.0,0.0,0
11867599,30,0.0,0.0,0
11867599,35,0.0,0.0,0
11867599,40,0.0,0.0,0
11867599,45,1.0,1.0,0
11867599,50,3.0,3.0,1
11867599,55,0.0,0.0,0
11867599,60,1.3,1.0,0
11867599,65,0.0,0.0,0
11867599,70,0.3,0.3,0
11867599,75,1.6,1.0,0
11867599,80,0.0,0.0,0
11867599,85,0.3,0.3,0
11867599,90,1.3,1.0,0
11867599,95,0.0,0.0,0
11867599,100,0.0,0.0,0
11867599,105,0.0,0.0,0
11867599,110,0.0,0.0,0
11867599,115,0.0,0.0,0
11867599,120,0.0,0.0,0
11867600,-30,0.0,0.0,0
11867600,-25,0.0,0.0,0
11867600,-20,0.0,0.0,0
11867600,-15,0.0,0.0,0
11867600,-10,0.0,0.0,0
11867600,-5,0.0,0.0,0
11867600,0,0.0,0.0,0
11867600,5,0.0,0.0,0
11867600,10,2.5,2.5,1
11867600,15,0.0,0.0,0
11867600,20,0.0,0.0,0
11867600,25,0.0,0.0,0
11867600,30,0.0,0.0,0
11867600,35,0.0,0.0,0
11867600,40,3.0,3.0,1
11867600,45,3.0,3.0,1
11867600,50,0.0,0.0,0
11867600,55,0.6,0.3,0
11867600,60,0.6,0.3,0
11867600,65,0.0,0.0,0
11867600,70,0.8999999999999999,0.3,0
11867600,75,1.0,1.0,0
11867600,80,3.0,3.0,1
11867600,85,0.3,0.3,0
11867600,90,0.0,0.0,0
11867600,95,0.0,0.0,0
11867600,100,0.0,0.0,0
11867600,105,0.0,0.0,0
11867600,110,0.0,0.0,0
11867600,115,0.0,0.0,0
11867600,120,0.0,0.0,0
11867601,-30,0.0,0.0,0
11867601,-25,0.0,0.0,0
11867601,-20,0.0,0.0,0
11867601,-15,0.0,0.0,0
11867601,-10,0.0,0.0,0
11867601,-5,0.0,0.0,0
11867601,0,0.0,0.0,0
11867601,5,1.0,1.0,0
11867601,10,0.0,0.0,0
11867601,15,0.0,0.0,0
11867601,20,0.0,0.0,0
11867601,25,0.0,0.0,0
11867601,30,0.0,0.0,0
11867601,35,0.0,0.0,0
11867601,40,0.0,0.0,0
11867601,45,0.0,0.0,0
11867601,50,0.0,0.0,0
11867601,55,0.3,0.3,0
11867601,60,1.0,1.0,0
11867601,65,1.0,1.0,0
11867601,70,3.4,2.5,1
11867601,75,0.3,0.3,0
11867601,80,1.0,1.0,0
11867601,85,0.6,0.3,0
11867601,90,4.5,2.5,1
11867601,95,3.6,3.0,1
11867601,100,0.0,0.0,0
11867601,105,0.0,0.0,0
11867601,110,0.0,0.0,0
11867601,115,0.0,0.0,0
11867601,120,0.0,0.0,0
11867602,-30,0.0,0.0,0
11867602,-25,0.0,0.0,0
11867602,-20,0.0,0.0,0
11867602,-15,0.0,0.0,0
11867602,-10,0.0,0.0,0
11867602,-5,0.0,0.0,0
11867602,0,0.0,0.0,0
11867602,5,0.0,0.0,0
11867602,10,3.0,3.0,1
11867602,15,0.0,0.0,0
11867602,20,0.0,0.0,0
11867602,25,0.0,0.0,0
11867602,30,0.0,0.0,0
11867602,35,0.0,0.0,0
11867602,40,0.0,0.0,0
11867602,45,3.9,3.0,1
11867602,50,1.0,1.0,0
11867602,55,0.0,0.0,0
11867602,60,0.0,0.0,0
11867602,65,0.0,0.0,0
11867602,70,0.0,0.0,0
11867602,75,3.6,3.0,1
11867602,80,3.0,3.0,1
11867602,85,0.6,0.3,0
11867602,90,4.6,3.0,1
11867602,95,0.0,0.0,0
11867602,100,0.0,0.0,0
11867602,105,0.0,0.0,0
11867602,110,0.0,0.0,0
11867602,115,0.0,0.0,0
11867602,120,0.0,0.0,0
11867603,-30,0.0,0.0,0
11867603,-25,0.0,0.0,0
11867603,-20,0.0,0.0,0
11867603,-15,0.0,0.0,0
11867603,-10,0.0,0.0,0
11867603,-5,0.0,0.0,0
11867603,0,3.0,3.0,1
11867603,5,0.0,0.0,0
11867603,10,0.0,0.0,0
11867603,15,0.0,0.0,0
11867603,20,0.0,0.0,0
11867603,25,0.0,0.0,0
11867603,30,1.0,1.0,0
11867603,35,3.0,3.0,1
11867603,40,0.0,0.0,0
11867603,45,0.6,0.3,0
11867603,50,0.0,0.0,0
11867603,55,3.0,3.0,1
11867603,60,0.8999999999999999,0.3,0
11867603,65,0.0,0.0,0
11867603,70,0.8999999999999999,0.3,0
11867603,75,0.0,0.0,0
11867603,80,0.0,0.0,0
11867603,85,3.6,3.0,1
11867603,90,0.0,0.0,0
11867603,95,0.0,0.0,0
11867603,100,0.0,0.0,0
11867603,105,0.0,0.0,0
11867603,110,0.0,0.0,0
11867603,115,0.0,0.0,0
11867603,120,0.0,0.0,0
11867604,-30,0.0,0.0,0
11867604,-25,0.0,0.0,0
11867604,-20,0.0,0.0,0
11867604,-15,0.0,0.0,0
11867604,-10,0.0,0.0,0
11867604,-5,0.0,0.0,0
11867604,0,0.0,0.0,0
11867604,5,0.0,0.0,0
11867604,10,0.0,0.0,0
11867604,15,0.0,0.0,0
11867604,20,0.0,0.0,0
11867604,25,3.0,3.0,1
11867604,30,0.3,0.3,0
11867604,35,0.0,0.0,0
11867604,40,0.0,0.0,0
11867604,45,0.0,0.0,0
11867604,50,3.3,3.0,1
11867604,55,0.0,0.0,0
11867604,60,0.0,0.0,0
11867604,65,0.0,0.0,0
11867604,70,3.3,3.0,1
11867604,75,0.0,0.0,0
11867604,80,2.8,2.5,1
11867604,85,0.3,0.3,0
11867604,90,1.3,1.0,0
11867604,95,0.0,0.0,0
11867604,100,0.0,0.0,0
11867604,105,0.0,0.0,0
11867604,110,0.0,0.0,0
11867604,115,0.0,0.0,0
11867604,120,0.0,0.0,0
11867605,-30,0.0,0.0,0
11867605,-25,0.0,0.0,0
11867605,-20,0.0,0.0,0
11867605,-15,0.0,0.0,0
11867605,-10,0.0,0.0,0
11867605,-5,0.0,0.0,0
11867605,0,0.0,0.0,0
11867605,5,0.0,0.0,0
11867605,10,0.0,0.0,0
11867605,15,0.0,0.0,0
11867605,20,1.0,1.0,0
11867605,25,0.0,0.0,0
11867605,30,0.0,0.0,0
11867605,35,0.0,0.0,0
11867605,40,1.0,1.0,0
11867605,45,0.6,0.3,0
11867605,50,1.0,1.0,0
11867605,55,0.0,0.0,0
11867605,60,0.0,0.0,0
11867605,65,0.6,0.3,0
11867605,70,0.0,0.0,0
11867605,75,0.6,0.3,0
11867605,80,3.0,3.0,1
11867605,85,3.3,3.0,1
11867605,90,0.3,0.3,0
11867605,95,0.0,0.0,0
11867605,100,0.0,0.0,0
11867605,105,0.0,0.0,0
11867605,110,0.0,0.0,0
11867605,115,0.0,0.0,0
11867605,120,0.0,0.0,0
16924597,-30,0.0,0.0,0
16924597,-25,0.0,0.0,0
16924597,-20,0.0,0.0,0
16924597,-15,0.0,0.0,0
16924597,-10,0.0,0.0,0
16924597,-5,0.0,0.0,0
16924597,0,0.0,0.0,0
16924597,5,0.0,0.0,0
16924597,10,3.0,3.0,1
16924597,15,0.0,0.0,0
16924597,20,0.0,0.0,0
16924597,25,0.0,0.0,0
16924597,30,0.0,0.0,0
16924597,35,0.0,0.0,0
16924597,40,1.0,1.0,0
16924597,45,0.3,0.3,0
16924597,50,1.0,1.0,0
16924597,55,1.0,1.0,0
16924597,60,0.0,0.0,0
16924597,65,0.0,0.0,0
16924597,70,0.3,0.3,0
16924597,75,0.3,0.3,0
16924597,80,0.3,0.3,0
16924597,85,0.3,0.3,0
16924597,90,0.0,0.0,0
16924597,95,0.0,0.0,0
16924597,100,0.0,0.0,0
16924597,105,0.0,0.0,0
16924597,110,0.0,0.0,0
16924597,115,0.0,0.0,0
16924597,120,0.0,0.0,0
16924598,-30,0.0,0.0,0
16924598,-25,0.0,0.0,0
16924598,-20,0.0,0.0,0
16924598,-15,0.0,0.0,0
16924598,-10,0.0,0.0,0
16924598,-5,0.0,0.0,0
16924598,0,0.0,0.0,0
16924598,5,3.0,3.0,1
16924598,10,0.0,0.0,0
16924598,15,0.0,0.0,0
16924598,20,0.0,0.0,0
16924598,25,1.0,1.0,0
16924598,30,0.0,0.0,0
16924598,35,1.0,1.0,0
16924598,40,0.0,0.0,0
16924598,45,3.0,3.0,1
16924598,50,0.0,0.0,0
16924598,55,4.0,3.0,1
16924598,60,1.6,1.0,0
16924598,65,0.0,0.0,0
16924598,70,0.0,0.0,0
16924598,75,0.8999999999999999,0.3,0
16924598,80,0.0,0.0,0
16924598,85,0.3,0.3,0
16924598,90,0.0,0.0,0
16924598,95,0.0,0.0,0
16924598,100,0.0,0.0,0
16924598,105,0.0,0.0,0
16924598,110,0.0,0.0,0
16924598,115,0.0,0.0,0
16924598,120,0.0,0.0,0
16924599,-30,0.0,0.0,0
16924599,-25,0.0,0.0,0
16924599,-20,0.0,0.0,0
16924599,-15,0.0,0.0,0
16924599,-10,0.0,0.0,0
16924599,-5,0.0,0.0,0
16924599,0,2.5,2.5,1
16924599,5,0.0,0.0,0
16924599,10,3.0,3.0,1
16924599,15,0.0,0.0,0
16924599,20,3.0,3.0,1
16924599,25,0.0,0.0,0
16924599,30,6.0,3.0,2
16924599,35,0.0,0.0,0
16924599,40,0.0,0.0,0
16924599,45,0.0,0.0,0
16924599,50,0.0,0.0,0
16924599,55,0.3,0.3,0
16924599,60,0.6,0.3,0
16924599,65,3.3,3.0,1
16924599,70,0.0,0.0,0
16924599,75,1.0,1.0,0
16924599,80,0.3,0.3,0
16924599,85,2.8,2.5,1
16924599,90,0.0,0.0,0
16924599,95,0.0,0.0,0
16924599,100,0.0,0.0,0
16924599,105,0.0,0.0,0
16924599,110,0.0,0.0,0
16924599,115,0.0,0.0,0
16924599,120,0.0,0.0,0
16924600,-30,0.0,0.0,0
16924600,-25,0.0,0.0,0
16924600,-20,0.0,0.0,0
16924600,-15,0.0,0.0,0
16924600,-10,0.0,0.0,0
16924600,-5,0.0,0.0,0
16924600,0,0.0,0.0,0
16924600,5,0.0,0.0,0
16924600,10,0.0,0.0,0
16924600,15,0.0,0.0,0
16924600,20,0.0,0.0,0
16924600,25,0.0,0.0,0
16924600,30,0.0,0.0,0
16924600,35,0.0,0.0,0
16924600,40,0.0,0.0,0
16924600,45,0.3,0.3,0
16924600,50,0.0,0.0,0
16924600,55,3.0,3.0,1
16924600,60,0.3,0.3,0
16924600,65,0.3,0.3,0
16924600,70,0.0,0.0,0
16924600,75,0.3,0.3,0
16924600,80,0.0,0.0,0
16924600,85,1.3,1.0,0
16924600,90,0.3,0.3,0
16924600,95,0.0,0.0,0
16924600,100,0.0,0.0,0
16924600,105,0.0,0.0,0
16924600,110,0.0,0.0,0
16924600,115,0.0,0.0,0
16924600,120,0.0,0.0,0
16924601,-30,0.0,0.0,0
16924601,-25,0.0,0.0,0
16924601,-20,0.0,0.0,0
16924601,-15,0.0,0.0,0
16924601,-10,0.0,0.0,0
16924601,-5,0.0,0.0,0
16924601,0,0.0,0.0,0
16924601,5,0.0,0.0,0
16924601,10,0.0,0.0,0
16924601,15,1.0,1.0,0
16924601,20,0.0,0.0,0
16924601,25,0.0,0.0,0
16924601,30,0.0,0.0,0
16924601,35,0.0,0.0,0
16924601,40,0.0,0.0,0
16924601,45,0.0,0.0,0
16924601,50,0.0,0.0,0
16924601,55,3.0,3.0,1
16924601,60,1.3,1.0,0
16924601,65,0.8999999999999999,0.3,0
16924601,70,2.5,2.5,1
16924601,75,0.3,0.3,0
16924601,80,2.5,2.5,1
16924601,85,0.0,0.0,0
16924601,90,0.0,0.0,0
16924601,95,0.0,0.0,0
16924601,100,0.0,0.0,0
16924601,105,0.0,0.0,0
16924601,110,0.0,0.0,0
16924601,115,0.0,0.0,0
16924601,120,0.0,0.0,0
16924602,-30,0.0,0.0,0
16924602,-25,0.0,0.0,0
16924602,-20,0.0,0.0,0
16924602,-15,0.0,0.0,0
16924602,-10,0.0,0.0,0
16924602,-5,0.0,0.0,0
16924602,0,0.0,0.0,0
16924602,5,0.0,0.0,0
16924602,10,1.0,1.0,0
16924602,15,0.0,0.0,0
16924602,20,0.0,0.0,0
16924602,25,0.0,0.0,0
16924602,30,0.0,0.0,0
16924602,35,0.0,0.0,0
16924602,40,0.0,0.0,0
16924602,45,0.0,0.0,0
16924602,50,1.0,1.0,0
16924602,55,3.0,3.0,1
16924602,60,0.0,0.0,0
16924602,65,1.6,1.0,0
16924602,70,1.0,1.0,0
16924602,75,0.3,0.3,0
16924602,80,0.0,0.0,0
16924602,85,3.9,3.0,1
16924602,90,0.0,0.0,0
16924602,95,0.0,0.0,0
16924602,100,0.0,0.0,0
16924602,105,0.0,0.0,0
16924602,110,0.0,0.0,0
16924602,115,0.0,0.0,0
16924602,120,0.0,0.0,0
16924603,-30,0.0,0.0,0
16924603,-25,0.0,0.0,0
16924603,-20,0.0,0.0,0
16924603,-15,0.0,0.0,0
16924603,-10,0.0,0.0,0
16924603,-5,0.0,0.0,0
16924603,0,0.0,0.0,0
16924603,5,0.0,0.0,0
16924603,10,0.0,0.0,0
16924603,15,0.0,0.0,0
16924603,20,2.5,2.5,1
16924603,25,0.0,0.0,0
16924603,30,0.0,0.0,0
16924603,35,0.0,0.0,0
16924603,40,0.0,0.0,0
16924603,45,0.3,0.3,0
16924603,50,3.0,3.0,1
16924603,55,3.0,3.0,1
16924603,60,0.3,0.3,0
16924603,65,3.0,3.0,1
16924603,70,0.0,0.0,0
16924603,75,0.6,0.3,0
16924603,80,1.3,1.0,0
16924603,85,0.3,0.3,0
16924603,90,0.0,0.0,0
16924603,95,0.0,0.0,0
16924603,100,0.0,0.0,0
16924603,105,0.0,0.0,0
16924603,110,0.0,0.0,0
16924603,115,0.0,0.0,0
16924603,120,0.0,0.0,0
16924604,-30,0.0,0.0,0
16924604,-25,0.0,0.0,0
16924604,-20,0.0,0.0,0
16924604,-15,0.0,0.0,0
16924604,-10,0.0,0.0,0
16924604,-5,0.0,0.0,0
16924604,0,3.0,3.0,1
16924604,5,3.0,3.0,1
16924604,10,0.0,0.0,0
16924604,15,0.0,0.0,0
16924604,20,0.0,0.0,0
16924604,25,0.0,0.0,0
16924604,30,1.0,1.0,0
16924604,35,1.0,1.0,0
16924604,40,0.0,0.0,0
16924604,45,0.0,0.0,0
16924604,50,0.0,0.0,0
16924604,55,0.0,0.0,0
16924604,60,0.0,0.0,0
16924604,65,0.3,0.3,0
16924604,70,0.3,0.3,0
16924604,75,0.6,0.3,0
16924604,80,0.0,0.0,0
16924604,85,0.3,0.3,0
16924604,90,1.0,1.0,0
16924604,95,0.0,0.0,0
16924604,100,0.0,0.0,0
16924604,105,0.0,0.0,0
16924604,110,0.0,0.0,0
16924604,115,0.0,0.0,0
16924604,120,0.0,0.0,0
16924605,-30,0.0,0.0,0
16924605,-25,0.0,0.0,0
16924605,-20,0.0,0.0,0
16924605,-15,0.0,0.0,0
16924605,-10,0.0,0.0,0
16924605,-5,0.0,0.0,0
16924605,0,0.0,0.0,0
16924605,5,0.0,0.0,0
16924605,10,0.0,0.0,0
16924605,15,0.0,0.0,0
16924605,20,0.0,0.0,0
16924605,25,3.0,3.0,1
16924605,30,0.0,0.0,0
16924605,35,0.0,0.0,0
16924605,40,1.0,1.0,0
16924605,45,3.0,3.0,1
16924605,50,0.0,0.0,0
16924605,55,0.0,0.0,0
16924605,60,0.3,0.3,0
16924605,65,0.0,0.0,0
16924605,70,0.0,0.0,0
16924605,75,0.3,0.3,0
16924605,80,0.3,0.3,0
16924605,85,3.6,3.0,1
16924605,90,0.3,0.3,0
16924605,95,0.0,0.0,0
16924605,100,0.0,0.0,0
16924605,105,0.0,0.0,0
16924605,110,0.0,0.0,0
16924605,115,0.0,0.0,0
16924605,120,0.0,0.0,0
16924606,-30,0.0,0.0,0
16924606,-25,0.0,0.0,0
16924606,-20,0.0,0.0,0
16924606,-15,0.0,0.0,0
16924606,-10,0.0,0.0,0
16924606,-5,0.0,0.0,0
16924606,0,0.0,0.0,0
16924606,5,0.0,0.0,0
16924606,10,3.5,2.5,1
16924606,15,0.0,0.0,0
16924606,20,0.0,0.0,0
16924606,25,0.0,0.0,0
16924606,30,1.3,1.0,0
16924606,35,2.0,2.0,1
16924606,40,0.0,0.0,0
16924606,45,0.0,0.0,0
16924606,50,0.0,0.0,0
16924606,55,0.0,0.0,0
16924606,60,3.6,3.0,1
16924606,65,0.3,0.3,0
16924606,70,0.0,0.0,0
16924606,75,0.0,0.0,0
16924606,80,2.0,1.0,0
16924606,85,0.0,0.0,0
16924606,90,0.0,0.0,0
16924606,95,0.0,0.0,0
16924606,100,0.0,0.0,0
16924606,105,0.0,0.0,0
16924606,110,0.0,0.0,0
16924606,115,0.0,0.0,0
16924606,120,0.0,0.0,0
16924607,-30,0.0,0.0,0
16924607,-25,0.0,0.0,0
16924607,-20,0.0,0.0,0
16924607,-15,0.0,0.0,0
16924607,-10,0.0,0.0,0
16924607,-5,0.0,0.0,0
16924607,0,0.0,0.0,0
16924607,5,0.0,0.0,0
16924607,10,0.0,0.0,0
16924607,15,0.0,0.0,0
16924607,20,0.0,0.0,0
16924607,25,0.0,0.0,0
16924607,30,0.0,0.0,0
16924607,35,0.0,0.0,0
16924607,40,0.0,0.0,0
16924607,45,3.1,2.5,1
16924607,50,6.0,3.0,2
16924607,55,0.0,0.0,0
16924607,60,0.3,0.3,0
16924607,65,0.0,0.0,0
16924607,70,0.0,0.0,0
16924607,75,2.6,2.0,1
16924607,80,0.0,0.0,0
16924607,85,0.3,0.3,0
16924607,90,0.0,0.0,0
16924607,95,0.0,0.0,0
16924607,100,0.0,0.0,0
16924607,105,0.0,0.0,0
16924607,110,0.0,0.0,0
16924607,115,0.0,0.0,0
16924607,120,0.0,0.0,0
16924608,-30,0.0,0.0,0
16924608,-25,0.0,0.0,0
16924608,-20,0.0,0.0,0
16924608,-15,0.0,0.0,0
16924608,-10,0.0,0.0,0
16924608,-5,0.0,0.0,0
16924608,0,0.0,0.0,0
16924608,5,0.0,0.0,0
16924608,10,3.0,3.0,1
16924608,15,1.0,1.0,0
16924608,20,0.0,0.0,0
16924608,25,0.0,0.0,0
16924608,30,3.0,3.0,1
16924608,35,0.0,0.0,0
16924608,40,0.0,0.0,0
16924608,45,8.5,3.0,3
16924608,50,3.0,3.0,1
16924608,55,0.0,0.0,0
16924608,60,3.0,3.0,1
16924608,65,3.3,3.0,1
16924608,70,0.8999999999999999,0.3,0
16924608,75,0.6,0.3,0
16924608,80,0.0,0.0,0
16924608,85,0.0,0.0,0
16924608,90,0.0,0.0,0
16924608,95,0.0,0.0,0
16924608,100,0.0,0.0,0
16924608,105,0.0,0.0,0
16924608,110,0.0,0.0,0
16924608,115,0.0,0.0,0
16924608,120,0.0,0.0,0
16924609,-30,0.0,0.0,0
16924609,-25,0.0,0.0,0
16924609,-20,0.0,0.0,0
16924609,-15,0.0,0.0,0
16924609,-10,0.0,0.0,0
16924609,-5,0.0,0.0,0
16924609,0,0.0,0.0,0
16924609,5,3.0,3.0,1
16924609,10,0.0,0.0,0
16924609,15,0.0,0.0,0
16924609,20,0.0,0.0,0
16924609,25,0.0,0.0,0
16924609,30,2.5,2.5,1
16924609,35,0.0,0.0,0
16924609,40,2.5,2.5,1
16924609,45,0.3,0.3,0
16924609,50,3.0,3.0,1
16924609,55,3.6,3.0,1
16924609,60,3.0,3.0,1
16924609,65,3.0,3.0,1
16924609,70,0.6,0.3,0
16924609,75,0.0,0.0,0
16924609,80,1.0,1.0,0
16924609,85,1.0,1.0,0
16924609,90,1.0,1.0,0
16924609,95,0.0,0.0,0
16924609,100,0.0,0.0,0
16924609,105,0.0,0.0,0
16924609,110,0.0,0.0,0
16924609,115,0.0,0.0,0
16924609,120,0.0,0.0,0
16924610,-30,0.0,0.0,0
16924610,-25,0.0,0.0,0
16924610,-20,0.0,0.0,0
16924610,-15,0.0,0.0,0
16924610,-10,0.0,0.0,0
16924610,-5,0.0,0.0,0
16924610,0,0.0,0.0,0
16924610,5,1.0,1.0,0
16924610,10,3.0,3.0,1
16924610,15,0.0,0.0,0
16924610,20,3.0,3.0,1
16924610,25,1.0,1.0,0
16924610,30,0.0,0.0,0
16924610,35,0.0,0.0,0
16924610,40,0.3,0.3,0
16924610,45,0.0,0.0,0
16924610,50,3.0,3.0,1
16924610,55,0.0,0.0,0
16924610,60,3.3,3.0,1
16924610,65,0.0,0.0,0
16924610,70,3.3,3.0,1
16924610,75,3.0,3.0,1
16924610,80,0.3,0.3,0
16924610,85,0.0,0.0,0
16924610,90,1.3,1.0,0
16924610,95,0.0,0.0,0
16924610,100,0.0,0.0,0
16924610,105,0.0,0.0,0
16924610,110,0.0,0.0,0
16924610,115,0.0,0.0,0
16924610,120,0.0,0.0,0
16924611,-30,0.0,0.0,0
16924611,-25,0.0,0.0,0
16924611,-20,0.0,0.0,0
16924611,-15,0.0,0.0,0
16924611,-10,0.0,0.0,0
16924611,-5,0.0,0.0,0
16924611,0,0.0,0.0,0
16924611,5,3.0,3.0,1
16924611,10,0.0,0.0,0
16924611,15,0.0,0.0,0
16924611,20,0.0,0.0,0
16924611,25,0.0,0.0,0
16924611,30,0.0,0.0,0
16924611,35,0.0,0.0,0
16924611,40,0.0,0.0,0
16924611,45,0.3,0.3,0
16924611,50,0.0,0.0,0
16924611,55,2.0,1.0,0
16924611,60,1.0,1.0,0
16924611,65,0.3,0.3,0
16924611,70,2.5,2.5,1
16924611,75,0.3,0.3,0
16924611,80,3.6,3.0,1
16924611,85,3.3,3.0,1
16924611,90,0.0,0.0,0
16924611,95,0.0,0.0,0
16924611,100,0.0,0.0,0
16924611,105,0.0,0.0,0
16924611,110,0.0,0.0,0
16924611,115,0.0,0.0,0
16924611,120,0.0,0.0,0
16924612,-30,0.0,0.0,0
16924612,-25,0.0,0.0,0
16924612,-20,0.0,0.0,0
16924612,-15,0.0,0.0,0
16924612,-10,0.0,0.0,0
16924612,-5,0.0,0.0,0
16924612,0,2.5,2.5,1
16924612,5,3.0,3.0,1
16924612,10,1.0,1.0,0
16924612,15,0.0,0.0,0
16924612,20,0.0,0.0,0
16924612,25,1.0,1.0,0
16924612,30,1.3,1.0,0
16924612,35,0.0,0.0,0
16924612,40,0.0,0.0,0
16924612,45,0.3,0.3,0
16924612,50,0.0,0.0,0
16924612,55,0.3,0.3,0
16924612,60,0.0,0.0,0
16924612,65,0.0,0.0,0
16924612,70,0.3,0.3,0
16924612,75,0.3,0.3,0
16924612,80,3.0,3.0,1
16924612,85,2.5,2.5,1
16924612,90,0.3,0.3,0
16924612,95,0.0,0.0,0
16924612,100,0.0,0.0,0
16924612,105,0.0,0.0,0
16924612,110,0.0,0.0,0
16924612,115,0.0,0.0,0
16924612,120,0.0,0.0,0
16924613,-30,0.0,0.0,0
16924613,-25,0.0,0.0,0
16924613,-20,0.0,0.0,0
16924613,-15,0.0,0.0,0
16924613,-10,0.0,0.0,0
16924613,-5,0.0,0.0,0
16924613,0,0.0,0.0,0
16924613,5,1.0,1.0,0
16924613,10,0.0,0.0,0
16924613,15,0.0,0.0,0
16924613,20,0.0,0.0,0
16924613,25,0.0,0.0,0
16924613,30,3.0,3.0,1
16924613,35,1.0,1.0,0
16924613,40,1.0,1.0,0
16924613,45,7.3,3.0,2
16924613,50,0.0,0.0,0
16924613,55,0.3,0.3,0
16924613,60,3.3,3.0,1
16924613,65,1.3,1.0,0
16924613,70,3.0,3.0,1
16924613,75,1.0,1.0,0
16924613,80,3.5999999999999996,3.0,1
16924613,85,0.0,0.0,0
16924613,90,3.5,2.5,1
16924613,95,0.0,0.0,0
16924613,100,0.0,0.0,0
16924613,105,0.0,0.0,0
16924613,110,0.0,0.0,0
16924613,115,0.0,0.0,0
16924613,120,0.0,0.0,0
16924614,-30,0.0,0.0,0
16924614,-25,0.0,0.0,0
16924614,-20,0.0,0.0,0
16924614,-15,0.0,0.0,0
16924614,-10,0.0,0.0,0
16924614,-5,0.0,0.0,0
16924614,0,0.0,0.0,0
16924614,5,0.3,0.3,0
16924614,10,0.0,0.0,0
16924614,15,0.0,0.0,0
16924614,20,2.5,2.5,1
16924614,25,0.0,0.0,0
16924614,30,3.0,3.0,1
16924614,35,2.0,1.0,0
16924614,40,0.0,0.0,0
16924614,45,0.0,0.0,0
16924614,50,0.0,0.0,0
16924614,55,0.0,0.0,0
16924614,60,0.0,0.0,0
16924614,65,0.0,0.0,0
16924614,70,0.0,0.0,0
16924614,75,3.5999999999999996,3.0,1
16924614,80,0.3,0.3,0
16924614,85,1.0,1.0,0
16924614,90,0.0,0.0,0
16924614,95,3.0,3.0,1
16924614,100,0.0,0.0,0
16924614,105,0.0,0.0,0
16924614,110,0.0,0.0,0
16924614,115,0.0,0.0,0
16924614,120,0.0,0.0,0
16924615,-30,0.0,0.0,0
16924615,-25,0.0,0.0,0
16924615,-20,0.0,0.0,0
16924615,-15,0.0,0.0,0
16924615,-10,0.0,0.0,0
16924615,-5,0.0,0.0,0
16924615,0,0.0,0.0,0
16924615,5,0.0,0.0,0
16924615,10,0.0,0.0,0
16924615,15,0.0,0.0,0
16924615,20,1.0,1.0,0
16924615,25,0.0,0.0,0
16924615,30,0.0,0.0,0
16924615,35,0.0,0.0,0
16924615,40,7.5,3.0,2
16924615,45,0.0,0.0,0
16924615,50,0.0,0.0,0
16924615,55,3.0,3.0,1
16924615,60,0.0,0.0,0
16924615,65,0.3,0.3,0
16924615,70,1.3,1.0,0
16924615,75,0.3,0.3,0
16924615,80,1.3,1.0,0
16924615,85,0.0,0.0,0
16924615,90,0.3,0.3,0
16924615,95,4.0,3.0,1
16924615,100,2.5,2.5,1
16924615,105,0.0,0.0,0
16924615,110,0.0,0.0,0
16924615,115,0.0,0.0,0
16924615,120,0.0,0.0,0
16924616,-30,0.0,0.0,0
16924616,-25,0.0,0.0,0
16924616,-20,0.0,0.0,0
16924616,-15,0.0,0.0,0
16924616,-10,0.0,0.0,0
16924616,-5,0.0,0.0,0
16924616,0,0.0,0.0,0
16924616,5,3.0,3.0,1
16924616,10,0.0,0.0,0
16924616,15,0.0,0.0,0
16924616,20,0.0,0.0,0
16924616,25,0.0,0.0,0
16924616,30,0.0,0.0,0
16924616,35,0.0,0.0,0
16924616,40,0.0,0.0,0
16924616,45,1.0,1.0,0
16924616,50,0.0,0.0,0
16924616,55,0.0,0.0,0
16924616,60,0.0,0.0,0
16924616,65,0.0,0.0,0
16924616,70,0.0,0.0,0
16924616,75,0.6,0.3,0
16924616,80,0.0,0.0,0
16924616,85,0.0,0.0,0
16924616,90,0.0,0.0,0
16924616,95,0.0,0.0,0
16924616,100,0.0,0.0,0
16924616,105,0.0,0.0,0
16924616,110,0.0,0.0,0
16924616,115,0.0,0.0,0
16924616,120,0.0,0.0,0
16924617,-30,0.0,0.0,0
16924617,-25,0.0,0.0,0
16924617,-20,0.0,0.0,0
16924617,-15,0.0,0.0,0
16924617,-10,0.0,0.0,0
16924617,-5,0.0,0.0,0
16924617,0,0.0,0.0,0
16924617,5,0.0,0.0,0
16924617,10,3.0,3.0,1
16924617,15,0.0,0.0,0
16924617,20,1.0,1.0,0
16924617,25,3.0,3.0,1
16924617,30,0.0,0.0,0
16924617,35,0.0,0.0,0
16924617,40,2.5,2.5,1
16924617,45,1.0,1.0,0
16924617,50,0.0,0.0,0
16924617,55,1.0,1.0,0
16924617,60,1.0,1.0,0
16924617,65,0.0,0.0,0
16924617,70,0.0,0.0,0
16924617,75,0.6,0.3,0
16924617,80,0.3,0.3,0
16924617,85,0.6,0.3,0
16924617,90,0.3,0.3,0
16924617,95,0.0,0.0,0
16924617,100,0.0,0.0,0
16924617,105,0.0,0.0,0
16924617,110,0.0,0.0,0
16924617,115,0.0,0.0,0
16924617,120,0.0,0.0,0
16924618,-30,0.0,0.0,0
16924618,-25,0.0,0.0,0
16924618,-20,0.0,0.0,0
16924618,-15,0.0,0.0,0
16924618,-10,0.0,0.0,0
16924618,-5,0.0,0.0,0
16924618,0,3.0,3.0,1
16924618,5,0.0,0.0,0
16924618,10,2.0,1.0,0
16924618,15,3.0,3.0,1
16924618,20,1.0,1.0,0
16924618,25,0.0,0.0,0
16924618,30,0.0,0.0,0
16924618,35,0.3,0.3,0
16924618,40,0.0,0.0,0
16924618,45,5.0,3.0,1
16924618,50,0.0,0.0,0
16924618,55,1.3,1.0,0
16924618,60,0.0,0.0,0
16924618,65,1.0,1.0,0
16924618,70,0.0,0.0,0
16924618,75,0.6,0.3,0
16924618,80,0.3,0.3,0
16924618,85,0.3,0.3,0
16924618,90,2.0,1.0,0
16924618,95,0.0,0.0,0
16924618,100,0.0,0.0,0
16924618,105,0.0,0.0,0
16924618,110,0.0,0.0,0
16924618,115,0.0,0.0,0
16924618,120,0.0,0.0,0
16924619,-30,0.0,0.0,0
16924619,-25,0.0,0.0,0
16924619,-20,0.0,0.0,0
16924619,-15,0.0,0.0,0
16924619,-10,0.0,0.0,0
16924619,-5,0.0,0.0,0
16924619,0,1.0,1.0,0
16924619,5,0.0,0.0,0
16924619,10,0.0,0.0,0
16924619,15,0.0,0.0,0
16924619,20,0.0,0.0,0
16924619,25,6.0,3.0,2
16924619,30,3.0,3.0,1
16924619,35,0.0,0.0,0
16924619,40,0.0,0.0,0
16924619,45,1.0,1.0,0
16924619,50,0.0,0.0,0
16924619,55,0.0,0.0,0
16924619,60,0.3,0.3,0
16924619,65,1.3,1.0,0
16924619,70,1.3,1.0,0
16924619,75,0.3,0.3,0
16924619,80,0.3,0.3,0
16924619,85,3.0,3.0,1
16924619,90,0.3,0.3,0
16924619,95,0.0,0.0,0
16924619,100,0.0,0.0,0
16924619,105,0.0,0.0,0
16924619,110,0.0,0.0,0
16924619,115,0.0,0.0,0
16924619,120,0.0,0.0,0
16924620,-30,0.0,0.0,0
16924620,-25,0.0,0.0,0
16924620,-20,0.0,0.0,0
16924620,-15,0.0,0.0,0
16924620,-10,0.0,0.0,0
16924620,-5,0.0,0.0,0
16924620,0,3.0,3.0,1
16924620,5,0.0,0.0,0
16924620,10,0.0,0.0,0
16924620,15,0.0,0.0,0
16924620,20,1.0,1.0,0
16924620,25,0.0,0.0,0
16924620,30,0.0,0.0,0
16924620,35,2.5,2.5,1
16924620,40,0.0,0.0,0
16924620,45,1.0,1.0,0
16924620,50,4.3,3.0,1
16924620,55,2.5,2.5,1
16924620,60,1.3,1.0,0
16924620,65,0.3,0.3,0
16924620,70,0.0,0.0,0
16924620,75,3.0,3.0,1
16924620,80,3.3,3.0,1
16924620,85,2.8,2.5,1
16924620,90,0.0,0.0,0
16924620,95,0.0,0.0,0
16924620,100,0.0,0.0,0
16924620,105,0.0,0.0,0
16924620,110,0.0,0.0,0
16924620,115,0.0,0.0,0
16924620,120,0.0,0.0,0
16924621,-30,0.0,0.0,0
16924621,-25,0.0,0.0,0
16924621,-20,0.0,0.0,0
16924621,-15,0.0,0.0,0
16924621,-10,0.0,0.0,0
16924621,-5,0.0,0.0,0
16924621,0,0.0,0.0,0
16924621,5,1.0,1.0,0
16924621,10,0.0,0.0,0
16924621,15,0.0,0.0,0
16924621,20,0.0,0.0,0
16924621,25,0.0,0.0,0
16924621,30,0.0,0.0,0
16924621,35,0.0,0.0,0
16924621,40,0.0,0.0,0
16924621,45,0.3,0.3,0
16924621,50,0.0,0.0,0
16924621,55,1.0,1.0,0
16924621,60,0.3,0.3,0
16924621,65,1.3,1.0,0
16924621,70,0.6,0.3,0
16924621,75,0.0,0.0,0
16924621,80,0.0,0.0,0
16924621,85,3.0,3.0,1
16924621,90,0.3,0.3,0
16924621,95,0.0,0.0,0
16924621,100,0.0,0.0,0
16924621,105,0.0,0.0,0
16924621,110,0.0,0.0,0
16924621,115,0.0,0.0,0
16924621,120,0.0,0.0,0
16924622,-30,0.0,0.0,0
16924622,-25,0.0,0.0,0
16924622,-20,0.0,0.0,0
16924622,-15,0.0,0.0,0
16924622,-10,0.0,0.0,0
16924622,-5,0.0,0.0,0
16924622,0,0.0,0.0,0
16924622,5,0.0,0.0,0
16924622,10,0.0,0.0,0
16924622,15,0.0,0.0,0
16924622,20,0.0,0.0,0
16924622,25,3.0,3.0,1
16924622,30,0.0,0.0,0
16924622,35,0.0,0.0,0
16924622,40,1.0,1.0,0
16924622,45,0.3,0.3,0
16924622,50,1.0,1.0,0
16924622,55,0.0,0.0,0
16924622,60,0.0,0.0,0
16924622,65,0.3,0.3,0
16924622,70,0.3,0.3,0
16924622,75,0.8999999999999999,0.3,0
16924622,80,1.0,1.0,0
16924622,85,0.0,0.0,0
16924622,90,1.0,1.0,0
16924622,95,3.5,2.5,1
16924622,100,0.0,0.0,0
16924622,105,0.0,0.0,0
16924622,110,0.0,0.0,0
16924622,115,0.0,0.0,0
16924622,120,0.0,0.0,0
16924623,-30,0.0,0.0,0
16924623,-25,0.0,0.0,0
16924623,-20,0.0,0.0,0
16924623,-15,0.0,0.0,0
16924623,-10,0.0,0.0,0
16924623,-5,0.0,0.0,0
16924623,0,3.0,3.0,1
16924623,5,1.0,1.0,0
16924623,10,0.0,0.0,0
16924623,15,0.0,0.0,0
16924623,20,0.0,0.0,0
16924623,25,7.0,3.0,2
16924623,30,0.0,0.0,0
16924623,35,0.0,0.0,0
16924623,40,0.0,0.0,0
16924623,45,0.6,0.3,0
16924623,50,0.0,0.0,0
16924623,55,3.0,3.0,1
16924623,60,0.0,0.0,0
16924623,65,0.3,0.3,0
16924623,70,3.6,3.0,1
16924623,75,0.0,0.0,0
16924623,80,1.0,1.0,0
16924623,85,1.0,1.0,0
16924623,90,3.3,3.0,1
16924623,95,0.0,0.0,0
16924623,100,0.0,0.0,0
16924623,105,0.0,0.0,0
16924623,110,0.0,0.0,0
16924623,115,0.0,0.0,0
16924623,120,0.0,0.0,0
16924624,-30,0.0,0.0,0
16924624,-25,0.0,0.0,0
16924624,-20,0.0,0.0,0
16924624,-15,0.0,0.0,0
16924624,-10,0.0,0.0,0
16924624,-5,0.0,0.0,0
16924624,0,0.0,0.0,0
16924624,5,0.0,0.0,0
16924624,10,0.0,0.0,0
16924624,15,3.0,3.0,1
16924624,20,0.0,0.0,0
16924624,25,0.0,0.0,0
16924624,30,0.0,0.0,0
16924624,35,0.0,0.0,0
16924624,40,0.0,0.0,0
16924624,45,0.3,0.3,0
16924624,50,1.0,1.0,0
16924624,55,3.0,3.0,1
16924624,60,0.3,0.3,0
16924624,65,3.0,3.0,1
16924624,70,0.6,0.3,0
16924624,75,0.0,0.0,0
16924624,80,0.0,0.0,0
16924624,85,0.6,0.3,0
16924624,90,3.0,3.0,1
16924624,95,0.0,0.0,0
16924624,100,0.0,0.0,0
16924624,105,0.0,0.0,0
16924624,110,0.0,0.0,0
16924624,115,0.0,0.0,0
16924624,120,0.0,0.0,0
16924625,-30,0.0,0.0,0
16924625,-25,0.0,0.0,0
16924625,-20,0.0,0.0,0
16924625,-15,0.0,0.0,0
16924625,-10,0.0,0.0,0
16924625,-5,0.0,0.0,0
16924625,0,0.0,0.0,0
16924625,5,0.0,0.0,0
16924625,10,0.0,0.0,0
16924625,15,0.0,0.0,0
16924625,20,0.0,0.0,0
16924625,25,0.0,0.0,0
16924625,30,0.0,0.0,0
16924625,35,1.0,1.0,0
16924625,40,0.0,0.0,0
16924625,45,0.0,0.0,0
16924625,50,0.0,0.0,0
16924625,55,0.6,0.3,0
16924625,60,6.3,3.0,2
16924625,65,0.0,0.0,0
16924625,70,0.0,0.0,0
16924625,75,0.3,0.3,0
16924625,80,3.3,3.0,1
16924625,85,0.3,0.3,0
16924625,90,0.0,0.0,0
16924625,95,0.0,0.0,0
16924625,100,0.0,0.0,0
16924625,105,0.0,0.0,0
16924625,110,0.0,0.0,0
16924625,115,0.0,0.0,0
16924625,120,0.0,0.0,0
16924626,-30,0.0,0.0,0
16924626,-25,0.0,0.0,0
16924626,-20,0.0,0.0,0
16924626,-15,0.0,0.0,0
16924626,-10,0.0,0.0,0
16924626,-5,0.0,0.0,0
16924626,0,3.0,3.0,1
16924626,5,0.0,0.0,0
16924626,10,0.0,0.0,0
16924626,15,0.0,0.0,0
16924626,20,3.0,3.0,1
16924626,25,0.0,0.0,0
16924626,30,3.0,3.0,1
16924626,35,7.0,3.0,2
16924626,40,0.0,0.0,0
16924626,45,1.3,1.0,0
16924626,50,0.0,0.0,0
16924626,55,3.0,3.0,1
16924626,60,3.3,3.0,1
16924626,65,3.3,3.0,1
16924626,70,0.0,0.0,0
16924626,75,3.0,3.0,1
16924626,80,0.6,0.3,0
16924626,85,0.3,0.3,0
16924626,90,1.0,1.0,0
16924626,95,0.0,0.0,0
16924626,100,0.0,0.0,0
16924626,105,0.0,0.0,0
16924626,110,0.0,0.0,0
16924626,115,0.0,0.0,0
16924626,120,0.0,0.0,0
16924627,-30,0.0,0.0,0
16924627,-25,0.0,0.0,0
16924627,-20,0.0,0.0,0
16924627,-15,0.0,0.0,0
16924627,-10,0.0,0.0,0
16924627,-5,0.0,0.0,0
16924627,0,0.0,0.0,0
16924627,5,0.0,0.0,0
16924627,10,0.0,0.0,0
16924627,15,0.0,0.0,0
16924627,20,0.0,0.0,0
16924627,25,0.0,0.0,0
16924627,30,0.0,0.0,0
16924627,35,0.0,0.0,0
16924627,40,0.0,0.0,0
16924627,45,0.0,0.0,0
16924627,50,3.0,3.0,1
16924627,55,0.0,0.0,0
16924627,60,1.0,1.0,0
16924627,65,3.3,3.0,1
16924627,70,1.3,1.0,0
16924627,75,2.5,2.5,1
16924627,80,3.1,2.5,1
16924627,85,0.0,0.0,0
16924627,90,0.0,0.0,0
16924627,95,0.0,0.0,0
16924627,100,0.0,0.0,0
16924627,105,0.0,0.0,0
16924627,110,0.0,0.0,0
16924627,115,0.0,0.0,0
16924627,120,0.0,0.0,0
16924628,-30,0.0,0.0,0
16924628,-25,0.0,0.0,0
16924628,-20,0.0,0.0,0
16924628,-15,0.0,0.0,0
16924628,-10,0.0,0.0,0
16924628,-5,0.0,0.0,0
16924628,0,1.0,1.0,0
16924628,5,0.0,0.0,0
16924628,10,0.0,0.0,0
16924628,15,3.0,3.0,1
16924628,20,0.0,0.0,0
16924628,25,0.3,0.3,0
16924628,30,0.0,0.0,0
16924628,35,0.0,0.0,0
16924628,40,3.0,3.0,1
16924628,45,3.3,3.0,1
16924628,50,3.0,3.0,1
16924628,55,0.3,0.3,0
16924628,60,0.0,0.0,0
16924628,65,0.3,0.3,0
16924628,70,3.0,3.0,1
16924628,75,0.3,0.3,0
16924628,80,0.3,0.3,0
16924628,85,0.0,0.0,0
16924628,90,3.0,3.0,1
16924628,95,0.0,0.0,0
16924628,100,0.0,0.0,0
16924628,105,0.0,0.0,0
16924628,110,0.0,0.0,0
16924628,115,0.0,0.0,0
16924628,120,0.0,0.0,0
16924629,-30,0.0,0.0,0
16924629,-25,0.0,0.0,0
16924629,-20,0.0,0.0,0
16924629,-15,0.0,0.0,0
16924629,-10,0.0,0.0,0
16924629,-5,0.0,0.0,0
16924629,0,0.0,0.0,0
16924629,5,0.0,0.0,0
16924629,10,1.0,1.0,0
16924629,15,3.0,3.0,1
16924629,20,0.0,0.0,0
16924629,25,0.0,0.0,0
16924629,30,0.0,0.0,0
16924629,35,1.0,1.0,0
16924629,40,0.0,0.0,0
16924629,45,0.3,0.3,0
16924629,50,0.0,0.0,0
16924629,55,3.3,3.0,1
16924629,60,0.0,0.0,0
16924629,65,0.3,0.3,0
16924629,70,0.3,0.3,0
16924629,75,0.6,0.3,0
16924629,80,0.0,0.0,0
16924629,85,0.0,0.0,0
16924629,90,1.0,1.0,0
16924629,95,0.0,0.0,0
16924629,100,0.0,0.0,0
16924629,105,0.0,0.0,0
16924629,110,0.0,0.0,0
16924629,115,0.0,0.0,0
16924629,120,0.0,0.0,0
16924630,-30,0.0,0.0,0
16924630,-25,0.0,0.0,0
16924630,-20,0.0,0.0,0
16924630,-15,0.0,0.0,0
16924630,-10,0.0,0.0,0
16924630,-5,0.0,0.0,0
16924630,0,0.0,0.0,0
16924630,5,0.0,0.0,0
16924630,10,3.0,3.0,1
16924630,15,0.0,0.0,0
16924630,20,1.0,1.0,0
16924630,25,0.0,0.0,0
16924630,30,3.0,3.0,1
16924630,35,0.0,0.0,0
16924630,40,0.0,0.0,0
16924630,45,0.0,0.0,0
16924630,50,1.0,1.0,0
16924630,55,0.3,0.3,0
16924630,60,0.3,0.3,0
16924630,65,1.0,1.0,0
16924630,70,0.0,0.0,0
16924630,75,0.0,0.0,0
16924630,80,4.0,3.0,1
16924630,85,0.8999999999999999,0.3,0
16924630,90,0.0,0.0,0
16924630,95,0.0,0.0,0
16924630,100,0.0,0.0,0
16924630,105,0.0,0.0,0
16924630,110,0.0,0.0,0
16924630,115,0.0,0.0,0
16924630,120,0.0,0.0,0
16924631,-30,0.0,0.0,0
16924631,-25,0.0,0.0,0
16924631,-20,0.0,0.0,0
16924631,-15,0.0,0.0,0
16924631,-10,0.0,0.0,0
16924631,-5,0.0,0.0,0
16924631,0,5.5,3.0,2
16924631,5,3.0,3.0,1
16924631,10,0.0,0.0,0
16924631,15,0.0,0.0,0
16924631,20,0.0,0.0,0
16924631,25,3.5,2.5,1
16924631,30,3.0,3.0,1
16924631,35,3.0,3.0,1
16924631,40,0.0,0.0,0
16924631,45,0.8999999999999999,0.3,0
16924631,50,3.0,3.0,1
16924631,55,0.0,0.0,0
16924631,60,1.0,1.0,0
16924631,65,0.6,0.3,0
16924631,70,0.3,0.3,0
16924631,75,2.5,2.5,1
16924631,80,1.0,1.0,0
16924631,85,0.0,0.0,0
16924631,90,0.0,0.0,0
16924631,95,0.0,0.0,0
16924631,100,0.0,0.0,0
16924631,105,0.0,0.0,0
16924631,110,0.0,0.0,0
16924631,115,0.0,0.0,0
16924631,120,0.0,0.0,0
16924632,-30,0.0,0.0,0
16924632,-25,0.0,0.0,0
16924632,-20,0.0,0.0,0
16924632,-15,0.0,0.0,0
16924632,-10,0.0,0.0,0
16924632,-5,0.0,0.0,0
16924632,0,0.0,0.0,0
16924632,5,0.0,0.0,0
16924632,10,3.0,3.0,1
16924632,15,0.0,0.0,0
16924632,20,0.0,0.0,0
16924632,25,0.0,0.0,0
16924632,30,0.0,0.0,0
16924632,35,2.0,1.0,0
16924632,40,1.0,1.0,0
16924632,45,1.0,1.0,0
16924632,50,0.0,0.0,0
16924632,55,0.3,0.3,0
16924632,60,3.0,3.0,1
16924632,65,4.3,3.0,1
16924632,70,0.3,0.3,0
16924632,75,2.8,2.5,1
16924632,80,0.0,0.0,0
16924632,85,0.0,0.0,0
16924632,90,0.3,0.3,0
16924632,95,0.0,0.0,0
16924632,100,0.0,0.0,0
16924632,105,0.0,0.0,0
16924632,110,0.0,0.0,0
16924632,115,0.0,0.0,0
16924632,120,0.0,0.0,0
16924633,-30,0.0,0.0,0
16924633,-25,0.0,0.0,0
16924633,-20,0.0,0.0,0
16924633,-15,0.0,0.0,0
16924633,-10,0.0,0.0,0
16924633,-5,0.0,0.0,0
16924633,0,0.0,0.0,0
16924633,5,0.0,0.0,0
16924633,10,0.0,0.0,0
16924633,15,0.0,0.0,0
16924633,20,0.0,0.0,0
16924633,25,1.0,1.0,0
16924633,30,0.0,0.0,0
16924633,35,0.0,0.0,0
16924633,40,3.0,3.0,1
16924633,45,0.3,0.3,0
16924633,50,2.0,1.0,0
16924633,55,0.3,0.3,0
16924633,60,0.6,0.3,0
16924633,65,3.0,3.0,1
16924633,70,0.0,0.0,0
16924633,75,0.0,0.0,0
16924633,80,0.3,0.3,0
16924633,85,0.0,0.0,0
16924633,90,0.0,0.0,0
16924633,95,0.0,0.0,0
16924633,100,0.0,0.0,0
16924633,105,0.0,0.0,0
16924633,110,0.0,0.0,0
16924633,115,0.0,0.0,0
16924633,120,0.0,0.0,0
16924634,-30,0.0,0.0,0
16924634,-25,0.0,0.0,0
16924634,-20,0.0,0.0,0
16924634,-15,0.0,0.0,0
16924634,-10,0.0,0.0,0
16924634,-5,0.0,0.0,0
16924634,0,0.0,0.0,0
16924634,5,0.0,0.0,0
16924634,10,0.0,0.0,0
16924634,15,0.0,0.0,0
16924634,20,0.0,0.0,0
16924634,25,0.0,0.0,0
16924634,30,0.0,0.0,0
16924634,35,0.0,0.0,0
16924634,40,0.0,0.0,0
16924634,45,0.0,0.0,0
16924634,50,0.0,0.0,0
16924634,55,3.0,3.0,1
16924634,60,0.0,0.0,0
16924634,65,0.6,0.3,0
16924634,70,0.3,0.3,0
16924634,75,1.3,1.0,0
16924634,80,0.6,0.3,0
16924634,85,0.0,0.0,0
16924634,90,1.0,1.0,0
16924634,95,0.0,0.0,0
16924634,100,0.0,0.0,0
16924634,105,0.0,0.0,0
16924634,110,0.0,0.0,0
16924634,115,0.0,0.0,0
16924634,120,0.0,0.0,0
